Comparison Dimension,Local Optimization,Transaction Optimization,Mission-Oriented Optimization,Remaining Gap Addressed by MOEE
Primary optimization paradigm,"Optimize an individual process, facility, vendor, queue, or resource allocation problem","Optimize digital transactions, platform matching, ordering, payment, and convenience",Optimize multi-stakeholder mission achievement and ecosystem value,"Existing approaches rarely integrate stakeholder missions, systemic value, sustainability, and resilience in one executable framework"
Main decision maker,"Individual manager, vendor, or operational unit","Digital platform, marketplace operator, or recommendation algorithm",PUDAL-controlled ecosystem governance with autonomous stakeholder agents,MOEE provides a coordination layer that respects stakeholder autonomy while aligning ecosystem-level missions
Stakeholder scope,One stakeholder or one organization,Usually users and providers mediated by a platform,"Students, vendors, suppliers, delivery actors, university, operator, regulator, and external environment",MOEE expands analysis from dyadic transactions to full multi-stakeholder mission ecosystems
Value concept,"Efficiency, cost reduction, throughput, profit, or utilization","Convenience, sales, conversion, retention, rating, and platform revenue","Systemic value combining mission achievement, satisfaction, sustainability, resilience, knowledge, and financial viability",MOEE formalizes systemic value through EVI and RMOV accounts
Information model,Local operational data and historical records,"Platform transaction data, user behavior, order history, and payment records","Shared ecosystem state including demand, capacity, RMOV, PSKVE, scenarios, policies, and metrics","MOEE integrates operational, financial, mission, environmental, and learning data into one digital twin"
Control mechanism,"Manual adjustment, rule-based planning, or delayed feedback","Platform analytics, matching algorithms, and partial feedback from transactions","Closed-loop PUDAL: Perception, Understanding, Decision, Action, Learning",MOEE introduces explicit ecosystem control rather than relying only on market or platform feedback
Recommendation target,Usually one decision maker or one operational function,"Usually the consumer, provider, or transaction pair",Recommendation vector for multiple stakeholders simultaneously,MOEE generalizes recommender systems into MSRS for coordinated ecosystem action
Mission representation,Mission is implicit or reduced to operational targets,Mission is often reduced to platform growth or transaction completion,Mission is explicit through stakeholder missions and Mission Intensity Graphs,"MOEE makes mission intensity measurable, comparable, and synchronizable over time"
Exchange representation,"Material, labor, money, and output flows","Product, service, order, payment, and rating flows","PSKVE exchanges: Product, Service, Knowledge, Value, and Environment","MOEE captures non-transactional exchanges such as knowledge, public value, and environmental impact"
Accounting framework,"Cost, revenue, inventory, and utilization accounts","Orders, payments, ratings, commissions, and platform metrics","RMOV accounts: Resources, Mission, Outputs, and Value for each stakeholder","MOEE connects resources, mission execution, outputs, and value creation in a stakeholder-level accounting structure"
Sustainability treatment,Often treated as a constraint or secondary metric,"Often optional, indirect, or platform-specific","Embedded in objective functions, EVI, scenarios, and evaluation metrics",MOEE treats sustainability as a core ecosystem performance dimension
Resilience treatment,Local robustness or buffer capacity,"Platform continuity, demand response, and supply-demand matching under disturbance","Scenario wind tunnel, stress testing, recovery analysis, and robustness ranking",MOEE evaluates ecosystem performance under disruptions rather than only under normal operating conditions
Engineering artifact,"Optimization model, spreadsheet, operations dashboard, or simulation model","Digital platform, marketplace, recommender system, or analytics dashboard","Digital Twin Mini-Lab with agents, PUDAL, MSRS, scenarios, RMOV, PSKVE, and EVI","MOEE provides a reusable engineering artifact for design, simulation, evaluation, and policy selection"
Validation strategy,"Analytical results, operational KPIs, and local performance comparison","A/B testing, platform KPIs, adoption metrics, and transaction analytics","Comparative simulation of Baseline, Online Platform, and MOEE under multiple scenarios and policies",MOEE enables controlled comparison of ecosystem architectures before real-world deployment
