Literature Stream,Primary Focus,Typical Unit of Analysis,Main Contribution,Limitation for MOEE,MOEE Response,Relevant MOEE Concepts
Operations Management,"Efficient allocation of resources, capacity, inventory, queues, and production decisions","Firm, facility, process, queue, inventory system","Provides formal models for efficiency, capacity planning, scheduling, and service operations",Usually optimizes local operational performance rather than multi-stakeholder mission alignment,Extends operational optimization into ecosystem-level mission coordination using PUDAL and MSRS,Mission Intensity Graph; PUDAL; EVI; Scenario Stress Testing
Supply Chain Management,"Coordination of suppliers, producers, distributors, and customers across material and information flows",Supply chain network,"Explains inter-organizational coordination, logistics, inventory flow, and disruption management","Often emphasizes product flow and cost/service trade-offs more than mission, value, knowledge, and environmental co-creation","Models broader PSKVE exchanges among stakeholders, including knowledge, value, and environmental impacts",PSKVE; RMOV; Scenario Engine; Sustainability Metrics
Online Food Ordering,"Digital transactions, ordering convenience, platform mediation, and demand visibility",Platform-mediated transaction,"Improves ordering efficiency, payment convenience, and data capture for vendors and users","Optimizes transactions but usually does not coordinate university mission, sustainability, nutrition, vendor viability, and resilience",Treats the online platform as an intermediate architecture and adds mission-oriented ecosystem control,Baseline-Online-MOEE Comparison; MSRS; EVI; Mission Achievement
Recommendation Systems,"Matching users with items, services, or choices based on preference, history, and context",User-item interaction,Provides algorithmic approaches for personalized suggestions and decision support,"Commonly optimizes individual user utility, click-through, or transaction success rather than multi-stakeholder value",Generalizes recommendation into a Multi-Stakeholder Recommendation System that issues coordinated recommendation vectors,MSRS; Recommendation Vector; Stakeholder Utility; Acceptance Probability
Multi-Agent Systems,"Autonomous agents interacting, negotiating, coordinating, and adapting in a shared environment",Agent society or agent-based simulation,Provides a computational foundation for modeling autonomous stakeholders and emergent ecosystem behavior,"May simulate agent behavior without explicit mission accounting, PSKVE exchange structure, or ecosystem-level value index","Embeds agents inside RMOV accounts, PSKVE exchanges, PUDAL control, and EVI-based evaluation",StakeholderAgent; RMOV; PSKVE Ledger; Digital Twin Mini-Lab
Digital Twins,"Executable digital representation of a physical or organizational system for monitoring, simulation, and decision support","Physical asset, process, organization, or system replica","Enables simulation, what-if analysis, scenario testing, and performance monitoring",Often focuses on assets or processes rather than mission-oriented multi-stakeholder ecosystems,"Uses the Digital Twin Mini-Lab as an ecosystem wind tunnel for stakeholder missions, scenarios, and policy comparison",Digital Twin Mini-Lab; Scenario Engine; Experiment Manager; Robustness Ranking
Service-Dominant Logic,Value co-creation through service exchange and resource integration,Service ecosystem and actor-to-actor exchange,Shifts value thinking from goods exchange to co-created value among actors,"Strong conceptual foundation but often lacks executable engineering, simulation, and control mechanisms","Operationalizes value co-creation through PSKVE, RMOV accounts, PUDAL, MSRS, and measurable EVI",PSKVE; RMOV; EVI; Ecosystem Value Co-Creation
Stakeholder Theory,"Stakeholder interests, responsibilities, legitimacy, and value distribution",Organization and its stakeholders,Provides normative and strategic basis for including multiple stakeholder interests,Often identifies stakeholders and interests but does not provide a computational coordination architecture,"Represents stakeholders as autonomous agents with missions, resources, outputs, values, and decision variables",StakeholderAgent; RMOV; Utility Functions; Mission Dependency Matrix
Mission-Oriented Innovation,Coordinated innovation around societal missions and public value creation,"Mission, policy program, innovation ecosystem",Frames innovation as collective action toward mission achievement rather than isolated market success,Frequently remains at policy or strategy level without detailed simulation of stakeholder missions and exchanges,Provides an engineering framework for turning missions into executable ecosystem models and stress-tested MSRS policies,MOEE Lifecycle; Mission Achievement; PUDAL; Digital Twin Mini-Lab
